lat,lon,text,score,points,ID,trees
53.26449,10.39852,excellent,1.1,green,6,1
53.26449,10.39852,excellent,1.1,green,7,1
53.26456,10.39807,excellent,1.1,green,9,2
53.26456,10.39807,excellent,1.1,green,11,2
53.26407,10.39755,excellent,1.1,green,28,3
53.26305,10.40126,excellent,1.1,green,35,1
53.26339,10.4005,excellent,1.1,green,41,1
53.26355,10.3989,excellent,1.1,green,43,2
53.26355,10.39896,excellent,1.1,green,44,3
53.2631,10.39827,excellent,1.1,green,46,3
53.2631,10.39827,excellent,1.1,green,48,2
53.26333,10.39866,excellent,1.1,green,51,2
53.2652,10.39847,good,2.1,yellow,1,1
53.26524,10.39847,good,2.1,yellow,2,1
53.26524,10.39847,good,2.1,yellow,3,1
53.26456,10.39807,good,2.1,yellow,10,2
53.26456,10.39807,good,2.1,yellow,13,2
53.26456,10.39807,good,2.1,yellow,14,3
53.26474,10.3978,good,2.1,yellow,15,1
53.26549,10.39762,good,2.1,yellow,17,4
53.26549,10.39762,good,2.1,yellow,18,4
53.26549,10.39762,good,2.1,yellow,19,4
53.26549,10.39762,good,2.1,yellow,20,1
53.26419,10.39841,good,2.1,yellow,24,1
53.26419,10.39841,good,2.1,yellow,25,1
53.26407,10.39755,good,2.1,yellow,27,2
53.26378,10.39746,good,2.1,yellow,29,1
53.26351,10.39754,good,2.1,yellow,31,2
53.26341,10.39757,good,2.1,yellow,32,2
53.26341,10.39757,good,2.1,yellow,33,2
53.26332,10.39757,good,2.1,yellow,34,2
53.26306,10.4007,good,2.1,yellow,40,1
53.26339,10.4005,good,2.1,yellow,42,2
53.2631,10.39827,good,2.1,yellow,47,3
53.26333,10.39866,good,2.1,yellow,52,2
53.26333,10.39866,good,2.1,yellow,53,NA
53.26369,10.40198,good,2.1,yellow,59,1
53.26369,10.40198,good,2.1,yellow,60,1
53.26249,10.40116,good,2.1,yellow,67,3
53.26249,10.40116,good,2.1,yellow,68,2
53.26249,10.40116,good,2.1,yellow,69,3
53.26249,10.40116,good,2.1,yellow,70,1
53.26249,10.40116,good,2.1,yellow,71,1
53.26249,10.40116,good,2.1,yellow,72,1
53.26305,10.40126,good,2.2,yellow,36,3
53.26355,10.39896,good,2.2,yellow,45,2
53.26305,10.40126,unfit,4.2,red,37,2
53.26311,10.40249,unfit,4.2,red,61,1
53.26311,10.40249,unfit,4.2,red,62,1
53.26234,10.40282,unfit,4.2,red,65,1
